Respondent ID,Q1,Q2,REF1: Product,REF2: Age,REF3: Gender,REF4: Music,REF5: Activity,Positive_Sent,Negative_Sent,Overall_Sent,Overall_Sent,,
1,"little, light",expensive,Other,25-34,Female,R&B,Working,0,-0.25,-0.25,negative,,
2,The battery power is great.,The screen is hard to see when outside.,Product E,35-44,Male,Classical,Working,0.223606798,-0.088388348,0.13521845,positive,,
3,cost and size,difficult software,Other,25-34,Female,Rock,Other,0,-0.353553391,-0.353553391,negative,,
4,Having all my CDs in the palm of my hand!,"Nothing, I love it!",Product A,35-44,Female,Folk,Traveling,0,0.375,0.375,positive,,
5,The shuffle mode.,Battery life seems shorter than advertised.,Product A,35-44,Male,Rock,Traveling,0,0,0,neutral,,
6,Battery life. Portability. Accessories. Style.,Ubiquitousness; everyone has one.,Product A,25-34,Male,Rock,Traveling,0,0,0,neutral,,
7,I like its ability to store all of my music. I also like the ability to create playlists.,I wish the 40GB model was still available. I have a 20GB model and need more memory.,Product A,35-44,Male,Jazz,Relaxing,0.535824925,-0.07475469,0.461070236,positive,,
8,"portability, capacity, sound quality, durability",it doesn't have a light.,Other,35-44,Male,Rock,Other,0.715541753,0,0.715541753,positive,,
9,"Small, great sound, capacity.",Nothing. I love it.,Product A,25-34,Female,Rock,Traveling,0.25,0.236289112,0.486289112,positive,,
10,Able to hold all of my songs in one place.,It is in the shop due to a hardware failure.,Product A,35-44,Male,Rock,Relaxing,0,-0.237170825,-0.237170825,negative,,
11,It's portable! I can take it anywhere.,smudges on the display,Product A,45-54,Male,Jazz,Traveling,0.096464626,-0.3,-0.203535374,negative,,
12,Living in my own little world,Battery life,Product A,35-44,Male,Rock,Traveling,0,0,0,neutral,,
13,mobility,Technical difficulties setting it up initially and managing the library of songs on my PC.,Product A,35-44,Female,Other,Traveling,0,0.025819889,0.025819889,positive,,
14,"I like that Product A has a lot of storage. Also, the interface is very easy to use.","It is a little heavy, and the battery life isn't long enough.",Product A,25-34,Female,Country,Working,0.397254993,0.072168784,0.469423777,positive,,
15,It holds a ton of music.,Battery life.,Product A,25-34,Male,Rock,Traveling,0.244948974,0,0.244948974,positive,,
16,It's fun to use,nothing,Product A,45-54,Female,R&B,Traveling,0.375,0,0.375,positive,,
17,its cool,battery,Product A,35-44,Male,Rock,Traveling,0.530330086,0,0.530330086,positive,,
18,lots of disk space,it was very expensive,Product A,25-34,Female,Country,Traveling,0,-0.225,-0.225,negative,,
19,Others think it is cool and it sounds great.,I find the controls hard to use.,Product B,<18,Female,Rap,Working,0.416666667,-0.094491118,0.322175548,positive,,
20,lightweight,so small afraid I'll lose it easily,Product A,45-54,Female,Rock,Other,0,-0.377964473,-0.377964473,negative,,
21,easy to use,size,Product D,25-34,Female,Rock,Traveling,0.577350269,0,0.577350269,positive,,
22,great accessories,high price,Product A,45-54,Male,Classical,Relaxing,0.353553391,0,0.353553391,positive,,
23,i can listen to my music wherever i want. i also like that it is durable/dropable.,i can't change the color of the outside. I wanted red.,Product A,25-34,Female,Rock,Traveling,0.320970869,0,0.320970869,positive,,
24,supports standard for lossless compression which offers much higher fidelity.,window scratches easily,Other,>54,Female,Jazz,Traveling,0.442718872,-0.346410162,0.096308711,positive,,
25,very small and holds lots of songs,didn't come with a belt clip,Product C,18-24,Female,Country,Traveling,0,0,0,neutral,,
26,its great. i can share music with my friends and download tons of tunes off the internet.,it is old now and big compared to the ones my friends have. i want a newer thinner one but i can't afford it.,Product A,18-24,Female,Rap,Relaxing,0.318786085,-0.134780613,0.184005471,positive,,
27,I can listen to the old Ludwig Van without anyone interfering with my activities.,it is often mistaken for a cell phone.,Product A,25-34,Male,Rock,Working,0,-0.353553391,-0.353553391,negative,,
28,It offers lots of disk space for all of my CDs.,It is expensive.,Product A,18-24,Male,Rock,Traveling,0,-0.144337567,-0.144337567,negative,,
29,Always having a good collection of music at hand,Battery life is limited,Product A,25-34,Male,Rock,Traveling,0.45,-0.375,0.075,positive,,
30,It's portable and the device is well-designed.,You have to shut down the device by holding down the pause button. This isn't intuitive and doesn't work as smoothly as I would like. I'd prefer an old-fashioned on and off button.,Product A,25-34,Female,Rock,Traveling,0.37123106,-0.018792642,0.352438418,positive,,
31,Its portability enables me to listen to my music while I am milking cows and working in the fields.,I think that it could be lighter and less expensive. And longer battery life.,Product B,>54,Female,Country,Traveling,0.195003374,0.025884175,0.220887549,positive,,
32,it allows me to control all of my music.,It's old.,Other,35-44,Female,Other,Relaxing,0.2,0,0.2,positive,,
33,It is better than having a lot of CDs in the car. I can hook this up to my stereo and get lots of tunes.,Nothing.,Product A,45-54,Male,Rock,Traveling,0.12602086,0,0.12602086,positive,,
34,The ability to build a playlist is the best feature. There are times I like to mix and match my selections.,Transfering the music between devices can be time consuming.,Other,45-54,Male,Rock,Traveling,0.249303107,-0.133333333,0.115969774,positive,,
35,"small, easy to sync",scratches easily,Product A,25-34,Female,Folk,Traveling,0.4,-0.424264069,-0.024264069,negative,,
36,It has great sound quality. It also has capacity for all my music.,The cost is the worst part. It makes it difficult to upgrade.,Product A,45-54,Male,Jazz,Traveling,0.441476214,-0.204124145,0.237352069,positive,,
37,holds lots of music,needs a longer battery life,Product A,18-24,Male,Rock,Relaxing,0.3,0,0.3,positive,,
38,batteries last a long time,The buttons are small.,Product E ,35-44,Female,Folk,Traveling,0,0,0,neutral,,
39,Easy to download music and runs a long time without recharging.,Proprietary music format.,Product A,45-54,Male,Rock,Traveling,0.422115882,0.404145188,0.826261071,positive,,
40,tunes everywhere,"nothing, it's awesome",Product A,<18,Female,Rock,Studying,0,0.346410162,0.346410162,positive,,
41,It's easy to use.,It's really easy to turn it on by accident and run the battery down.,Product A,25-34,Female,Jazz,Working,0.5,0.251225567,0.751225567,positive,,
42,The interface is incredibly easy to use.,"Compared to newer devices, the number of songs it can hold is quite small.",Product A,25-34,Male,Classical,Working,0.075592895,0,0.075592895,positive,,
43,it holds many songs,uploading songs is too slow.,Product A,>54,Male,Classical,Relaxing,0,-0.111803399,-0.111803399,negative,,
44,"It's not that great, really. What I like most about it is that it's NOT Product A!","Well, at first it worked great, cycled thru all CDs, etc. But a few weeks later it only played the current CD and then stopped. Now, for no apparent reason, it repeats the current CD over and over. And yes, I have read the manual!",Product E,35-44,Male,Rap,Traveling,0.018100412,0.124099902,0.142200313,positive,,
45,Everything!  Product A rules!  I can't wait to get a video one!,Nothing!  It is better than anything else out there!,Product A,18-24,Male,R&B,Traveling,0.043155274,0.154343402,0.197498675,positive,,
46,"Ability to carry large amounts of music in a small, lightweight device.",Cost,Product A,25-34,Female,Classical,Traveling,0.317542648,0,0.317542648,positive,,
47,"I was worried I was too old for this new fang-dangled technology. But my nephew showed me around the farm, as it were, and it's not as hard to use as I thought it would be.","It's so light, light as a feather, that I once accidently left it in my trousers and they both went into the wash!",Product A,45-54,Male,Blues,Traveling,0.153481952,0,0.153481952,positive,,
48,ease of use,could be smaller like Product A,Product A,25-34,Male,Country,Relaxing,0.433012702,0.204124145,0.637136847,positive,,
49,"It has some DJ features like building track list, cross fading, etc. It's very durable also. A friend dropped it once and it still works perfectly.","It was a bit expensive, but I think it was worth it.",Other,25-34,Male,Other,Traveling,0.446119373,0.414970506,0.861089879,positive,,
50,portability,battery life,Product A,25-34,Female,Rock,Relaxing,0,0,0,neutral,,
51,taking all my music everywhere,loosing all my music if it breaks,Product D,35-44,Male,Jazz,Relaxing,0.268328157,0.075592895,0.343921052,positive,,
52,i have a Product A. i like the small size and good sound.,lack of a screen.,Product A,35-44,Male,Jazz,Traveling,0.346687623,-0.375,-0.028312377,negative,,
53,Convenience,Nothing,Product A,35-44,Male,Folk,Traveling,0.5,0,0.5,positive,,
54,"The ability to take my CD collection and have it in one simple, small, portable device.",It was slightly confusing to set-up,Product A,18-24,Female,Rock,Traveling,0.1875,-0.113389342,0.074110658,positive,,
55,I can store a lot of music on it.,It was rather expensive.,Product A,25-34,Female,Rock,Traveling,0.2,-0.125,0.075,positive,,
56,"Small, light-weight, and easy to bring along.",Limited space for songs. Not expandable.,Product A,25-34,Female,Rock,Traveling,0.282842712,-0.204632374,0.078210339,positive,,
57,"Drowns out train noise. Light and easy to carry and use, I don't have the patience to download music.",A little bulky and I have to remember to change my cds before I get sick of the music.,Other,35-44,Female,Country,Traveling,-0.488729833,-0.080295507,-0.56902534,negative,,
58,I can listen to the radio on it,Sometimes the reception isn't that great,Product D,25-34,Female,Folk,Traveling,0,-0.204124145,-0.204124145,negative,,
59,It allows me the freedom to listen to my favorite music or programs on my terms. Makes my commute enjoyable.,It has no radio.,Product A,25-34,Male,Rock,Traveling,0.45,0,0.45,positive,,
60,Ability to carry a huge library of tunes aorund with me in something the size of a credit card.,"Interface with my PC, which doesn't always work and which requires you be very careful to ensure you don't accidentally remove music from the device.",Product A,>54,Male,R&B,Traveling,0.454243153,0.138,0.592243153,positive,,
61,"high quality, durable, good sound",short battery life,Product D,35-44,Female,Jazz,Relaxing,1.118033989,0,1.118033989,positive,,
62,Looks cool.,Can't rip songs from it.,Product A,25-34,Male,Other,Working,0.530330086,0.111803399,0.642133485,positive,,
63,it keeps playing. i don't have to stop and change a CD.,nothing,Product A,18-24,Female,Other,Working,0.072758177,0,0.072758177,positive,,
64,Portability and intuitive features of Product A,Loss of fidelity due to data compression,Product A,25-34,Female,Country,Relaxing,0.188982237,-0.094491118,0.094491118,positive,,
65,Music choice; lack of skipping (vs. CD players),Battery life is too short.,Product A,35-44,Female,Rock,Other,0.088388348,0,0.088388348,positive,,
66,Convenience of storing all my music in one device,It's somewhat bulky,Product B,25-34,Male,Other,Traveling,0.366666667,-0.115470054,0.251196613,positive,,
67,Durably constructed,Bulky and heavy to carry,Product D,25-34,Female,Jazz,Traveling,0,-0.804984472,-0.804984472,negative,,
68,Large storage capacity,Expensive compared to other manufacturers,Product A,18-24,Female,Other,Relaxing,0,-0.223606798,-0.223606798,negative,,
69,Stores 5000 songs in a compact portable player.,Low battery life,Product A,35-44,Male,Blues,Relaxing,0.20788046,0,0.20788046,positive,,
70,small,hard to rearrange play list on the device,Product A,>54,Male,Folk,Traveling,0,-0.088388348,-0.088388348,negative,,
71,"Ease of use, simple functionality, elegant design and that it holds a lot of music and goes anywhere I do, headphones, car, home stero, portable speakers.",The screen,Product A,35-44,Male,Other,Traveling,0.509901951,0,0.509901951,positive,,
72,Portable and durable,not enough space on it,Product B,>54,Male,Folk,Traveling,0.577350269,0.111803399,0.689153668,positive,,
73,its design is way cool,would be great if it was not so expensive,Product A,45-54,Female,Rock,Traveling,0.335410197,-0.1,0.235410197,positive,,
74,great quality,too expensive,Product D,>54,Male,Classical,Working,1.060660172,-0.176776695,0.883883476,positive,,
75,"Small size. It has 512Mb of add-on memory, so it is quick to load and play music. It can also encode directly from external devices from the radio or a CD player.","It would be nice if the hard disk capacity were larger. 5Gb would be a sufficent capacity, although I prefer not to sacirifice device size.",Other,25-34,Male,Jazz,Traveling,0.132099875,-0.29098358,-0.158883704,negative,,
76,storage capacity,could be smaller,Product E,<18,Female,Rap,Studying,0,0,0,neutral,,
77,The software is very cool.,Battery,Product A,25-34,Male,Rock,Traveling,0.603738354,0,0.603738354,positive,,
78,sleek design,cost,Other,25-34,Female,Rock,Traveling,0.353553391,0,0.353553391,positive,,
79,I like that I can build a bank of music that suits my tastes and cut out all of the songs that often come on Cds along with the one song you like,You can't use standard batteries in it,Product A,45-54,Female,Other,Other,0.252412601,0,0.252412601,positive,,
80,Small,mine is old and so it hold only 16 songs LOL,Product D,35-44,Male,Rock,Other,0,0,0,neutral,,
81,It's nice,Its old,Product D,25-34,Female,Other,Traveling,0.353553391,0,0.353553391,positive,,
82,"Small, handy device",Too costly still,Product A,35-44,Male,Jazz,Traveling,0.288675135,-0.288675135,0,neutral,,
83,It's small & fits in your pocket.,It doesn't hold many songs,Other,25-34,Female,Other,Traveling,0,0,0,neutral,,
84,"It's just great. I have all my music downloaded onto it now, so no need to find the CD I want to play etc. Really great.",Too costly.,Product A,25-34,Male,Classical,Relaxing,0.352000657,-0.353553391,-0.001552733,negative,,
85,"Good quality sound, easy to carry",battery goes dead quite fast,Product A,35-44,Female,R&B,Traveling,1.041033141,0,1.041033141,positive,,
86,Handy,batteries,Product D,25-34,Female,Rock,Relaxing,0.5,0,0.5,positive,,
87,Its great look and easy to use interface,Battery life is not as good as it should be,Product A,25-34,Female,Folk,Traveling,0.530330086,-0.237170825,0.293159261,positive,,
88,"Easy to use. Has a big screen. Software is easy to use, organizes folders in trees so you can open to investigate or close to save space. 20 GB hard drive.","It's old and it's so big! Even though it's 20 GB, it's not big enough.",Other,35-44,Female,Rap,Traveling,0.237331149,0.055693878,0.293025027,positive,,
89,Small but lots of space (60 GB). Video is a bit of a toy but cool.,"Software is not great. Can only view all songs, not close sections up so you can view just albums or artists. Can only order items alphabetically.",Product A,35-44,Female,Rap,Traveling,0.306948561,-0.122061547,0.184887014,positive,,
90,the colour and size,nothing,Product A,25-34,Female,Other,Traveling,0,0,0,neutral,,
91,"As well as being able to listen to music, can watch movies, surf internet, etc.",Barely any internal storage. I have to purchase seperate storage.,Other,25-34,Female,Other,Traveling,0.361478446,0.055693878,0.417172323,positive,,
92,"Because it is also an organiser, I always carry it with me.","Small capacity, poor user interface for music",Other,45-54,Male,Blues,Traveling,0,0.037796447,0.037796447,positive,,
93,It's a portable music device,Battery life. They're are better players on the market.,Product A,25-34,Male,Other,Traveling,0.380131556,0.165000037,0.545131593,positive,,
94,Long battery life. Also when you turn it on it picks up where you left off.,It is not loud enough,Product D,>54,Male,Classical,Traveling,0,0.223606798,0.223606798,positive,,
95,It's beautiful.,Have to charge it.,Product A,45-54,Female,Classical,Relaxing,0.530330086,0,0.530330086,positive,,
96,its tiny and can hold lots of songs and photos,It is too expensive.,Product A,<18,Female,Rock,Relaxing,0,-0.125,-0.125,negative,,
97,It's very small.,It's unintuitive menu system.,Other,35-44,Male,Rock,Traveling,0,0,0,neutral,,
98,"Big storage capacity, also does video",too heavy,Product C,35-44,Female,Other,Studying,0.102062073,0,0.102062073,positive,,
99,stores 2 days worth of music,short battery life,Product A,35-44,Male,Rock,Relaxing,0.603738354,0,0.603738354,positive,,
100,Long battery life. Good sound quality.,Flimsy construction.,Product E ,35-44,Male,Rock,Traveling,0.551341261,-0.353553391,0.197787871,positive,,
101,It's portable.,Nothing,Other,45-54,Female,Other,Traveling,0.176776695,0,0.176776695,positive,,
102,The size and the fact that it has an included FM radio,The battery life time,Other,25-34,Male,Rock,Traveling,0.173205081,0,0.173205081,positive,,
103,Its good looking and easy to use,"battery life is appalling, also ear phones aren't very good",Product A,18-24,Male,Jazz,Traveling,0.661437828,-0.284604989,0.376832838,positive,,
104,Easy to organise my music files. Good battery life.,The distinctive earphones are a magnet for muggers.,Product A,25-34,Male,Rock,Traveling,0.502280154,0.318198052,0.820478206,positive,,
105,Small and easy to use,Could do with more storage,Other,35-44,Male,Other,Traveling,0.447213595,0,0.447213595,positive,,
106,Its so small and cute,Too many cables and things hanging around my ears,Product A,45-54,Male,Jazz,Traveling,0.335410197,-0.75,-0.414589803,negative,,
107,It is portable.,The weight.,Other,35-44,Male,Rock,Other,0.144337567,0,0.144337567,positive,,
108,"It's well designed, light and very easy to use.",The battery life could be better,Product A,>54,Female,Blues,Relaxing,0.866666667,0.326598632,1.193265299,positive,,
109,I can always bring it with me. The sound quality is very good.,Nothing,Other,>54,Female,Folk,Other,0.701742861,0,0.701742861,positive,,
110,"It's lightweight, the battery life is very good, cool design.",It sometimes freezes.,Product A,<18,Male,Blues,Relaxing,0.664078309,-0.230940108,0.433138201,positive,,
111,"It is compact, tidy and easy to use",I am quite happy with its current features since it serves my purpose,Product D,25-34,Female,Rock,Relaxing,0.777817459,0.374422632,1.152240092,positive,,
112,Not a lot.  I hardly use it.,Very limited memory. Slow data speed. Poor battery life.,Other,25-34,Male,Other,Traveling,0,-0.404145188,-0.404145188,negative,,
113,It's portable,"Doesn't let you take stuff off once it's on there. So when it crashes, and it does, you've lost all your music",Product D,45-54,Male,Classical,Traveling,0.176776695,-0.181154986,-0.004378291,negative,,
114,Large storage capacity and a good LCD screen for viewing digital photos,Battery life limitations,Product C,35-44,Male,Blues,Traveling,0.216506351,-0.144337567,0.072168784,positive,,
115,It was a freebie!,Limited memory,Other,35-44,Male,Folk,Relaxing,0,-0.530330086,-0.530330086,negative,,
116,Ease of use. Looks good. Compatible with car stereo.,Was more expensive than other players.,Product A,25-34,Male,Other,Traveling,0.404447596,-0.183711731,0.220735865,positive,,
117,Listening to any songs I like any time I like.,The batteries.,Product A,35-44,Female,Blues,Traveling,0.316227766,0,0.316227766,positive,,
118,"I can listen to where ever I am, I don't have to worry about which Cd to take etc have all my music on it so listen to what I like when I like. Also I like the fact that I can plug it into speakers.",Takes time to upload music from CD's,Product A,25-34,Female,R&B,Traveling,-0.000718115,0.226778684,0.226060569,positive,,
119,It looks good and is very easy to use,Headphones hurt my ear after a while,Product A,25-34,Female,Rock,Traveling,0.85,-0.283473355,0.566526645,positive,,
120,The sound quality and the ability to record and mix my own play lists.,Battery drainage,Product D,35-44,Female,Blues,Traveling,0.400891863,-0.176776695,0.224115168,positive,,
121,Storage capacity (40GB),Size,Product B,25-34,Male,Other,Working,0,0,0,neutral,,
122,Compact and waterproof,size,Product B,35-44,Male,R&B,Other,0.577350269,0,0.577350269,positive,,
123,It's sound,It's not also a phone,Product A,25-34,Male,Jazz,Traveling,0,0,0,neutral,,
124,size and accessories,controls not always easy to manage,Product A,25-34,Female,Rock,Relaxing,0,-0.489897949,-0.489897949,negative,,
125,it was free,can only hold about 16 songs,Product B,25-34,Female,Rock,Other,0.288675135,0,0.288675135,positive,,
126,It's so easy to find the music I like.,earphones are a bit uncomfortable.,Product A,45-54,Female,Jazz,Traveling,0.633333333,-0.335410197,0.297923137,positive,,
127,It's tough.,style is a little clunky,Product D,35-44,Male,Rock,Other,0.176776695,-0.035777088,0.140999608,positive,,
128,It's small and holds all of my music.,Nothing,Product A,25-34,Female,Rock,Working,0.212132034,0,0.212132034,positive,,
129,size,battery life,Product A,18-24,Female,Country,Traveling,0,0,0,neutral,,
130,Ease of use and portability.,Battery needs to be well-charged.,Product A,25-34,Female,Blues,Traveling,0.335410197,0.326598632,0.662008829,positive,,
131,size,battery life,Other,25-34,Female,Other,Relaxing,0,0,0,neutral,,
132,size,battery life,Other,45-54,Male,Other,Other,0,0,0,neutral,,
133,I like the small size of the device. It allows me to keep it in a pocket while I use it so that I don't have to hold it like I would a larger device.,"My player only holds 256 mb of data, so I can't keep as much music on it as I would like.",Product E,35-44,Male,Rock,Traveling,0.040275825,-0.053665631,-0.013389806,negative,,
134,The compact design,Having to recharge the battery,Other,35-44,Female,R&B,Other,0.230940108,0,0.230940108,positive,,
135,How easy it was to use,The headphones,Product A,<18,Male,Blues,Relaxing,0.326598632,0,0.326598632,positive,,
136,The amount of music files it holds,The price,Product E,18-24,Female,Classical,Traveling,0.226778684,0,0.226778684,positive,,
137,The size,The menus are hard to get to,Product B,25-34,Female,Country,Studying,0,-0.094491118,-0.094491118,negative,,
138,The sound quality,"The color, I wish it came in a variety of colors to choose from.",Product D,>54,Male,Folk,Working,0.577350269,-0.467707173,0.109643096,positive,,
139,I love it. I can listen to old heavy metal and new metal and alternative. Its batteries last for days.,Nothing!,Product A,18-24,Female,Other,Relaxing,0.299625254,0,0.299625254,positive,,
140,"Controls are easy to understand and use. It's a well-designed, well-built unit.",Battery life is not quite as advertized.,Product A,45-54,Male,Other,Traveling,0.642539604,0,0.642539604,positive,,
141,portability,low battery life,Other,25-34,Male,Rock,Other,0,0,0,neutral,,
142,"Easy to carry, and its size.",Nothing as such.,Product A,25-34,Female,Other,Traveling,0.326598632,0,0.326598632,positive,,
143,its cost,low battery life,Product B,35-44,Male,Folk,Traveling,0,0,0,neutral,,
144,The size makes it convenient to carry around.,Don't have any complaints.,Product A,45-54,Female,Other,Relaxing,0.282842712,0.5,0.782842712,positive,,
145,Listening while traveling to drown out the noise of crying kids!,Forgot how to upload new music!,Product D,35-44,Female,Rock,Traveling,-0.603022689,0.571547607,-0.031475083,negative,,
146,"It has a lot of storage capacity. I can fit a lot of songs on it. Also, it's very lightweight.",It was expensive!,Product D,45-54,Male,Blues,Traveling,0.065099492,-0.144337567,-0.079238076,negative,,
147,"I like the skip-free playback. Also, dragging and dropping songs. It's better than a ""real"" stereo.",Battery life is too low. 12 hours sounds like a lot but it is not.,Product A,18-24,Female,Rock,Other,0.207681175,0.090947722,0.298628896,positive,,
148,"The online store is great. Also, sound quality is excellent.",Four hour charge time too long.,Product A,<18,Male,Rap,Relaxing,0.559016994,-0.40824829,0.150768704,positive,,
149,My son bought it for me for my birthday. I feel pretty hip. I like to listen to Mozart when I'm gardening. I love it's light weight. And the design is so sleek!,Display is hard to read. My senior eyes need a bigger dispay.,Product A,>54,Male,Classical,Relaxing,0.269573535,-0.061009586,0.208563949,positive,,
150,It was cheaper than the overrated Product A.,Don't know.,Product E ,25-34,Male,Jazz,Traveling,0.265165043,0,0.265165043,positive,,
151,"This has 256MB of memory; it holds about 50 songs. I've got another chip in my bag with another 50 songs on it. The cool thing about this is, it cost $200 plus $60 for a portable keyboard, and I can run other programs, take notes, as well as listen to music. If I wanted to, I could surf the Web and get e-mail. For a while I even had music videos on it!",It's a little heavy. Also seems a bit delicate.,Other,18-24,Male,Rock,Traveling,0.205077994,0.146423007,0.351501002,positive,,
152,its small,not enough memory,Product D,25-34,Male,Jazz,Relaxing,0,0.144337567,0.144337567,positive,,
153,"Product A is fantastic. Really sharp design. Headphones are great too, not like the old in-the-ear types that always fell out. Sound quality seems good as well.",Don't like the company.,Product A,25-34,Male,Country,Relaxing,0.645065906,-0.25,0.395065906,positive,,
154,I like that it's light. I use it while commuting and when running. I really like the random play option.,Price,Product A,25-34,Female,Rock,Traveling,0.2951079,0,0.2951079,positive,,
155,small size and ease of use,sometimes crashes,Product A,25-34,Female,Rock,Traveling,0.306186218,-0.707106781,-0.400920563,negative,,
156,you can take it everywhere,nothing,Product C,25-34,Female,R&B,Relaxing,0,0,0,neutral,,
157,huge selection of music at my fingertips when traveling. like bringing your whole stereo with you,Compromise on the sound quality vs. a real CD,Product A,35-44,Male,Jazz,Traveling,0.274491118,0.333333333,0.607824452,positive,,
158,I like that it's small and I can take it anywhere with me. Also that it holds so many songs. I currently have almost 500.,"I think it's not intuitive the way it turns off. I just learned last week that you hold down the pause key to shut it off. I was just always letting it shut off on it's own which has probably wasted the battery. Also, I believe that once you wear out the battery (after recharging it for years and years) you need to replace the product.",Product A,35-44,Female,Rock,Other,0.067707564,-0.111548293,-0.043840729,negative,,
159,"i can listen to whatever i want, whenever i want to.",not enough storage for all my music. i have tons of songs.,Product D,35-44,Female,R&B,Working,0,0.175312539,0.175312539,positive,,
160,It's actually my son's but I use when I exercise. I like that it's so slim and lightweight. It's pretty too.,Nothing.  It's fine.,Product D,35-44,Male,Country,Other,0.290169668,0.096464626,0.386634294,positive,,
161,Product A is the best. Drag & drop songs from their site is really easy and I love all the random play options. Like the long battery life.,Hard drive is too small,Product A,<18,Male,Jazz,Other,0.334206726,-0.111803399,0.222403327,positive,,
162,Convenience. Easy to use; I'm a technophobe!,Wish it had a radio,Product D,35-44,Male,Blues,Traveling,0.454124145,0.357770876,0.811895022,positive,,
163,It's totally smooth. Much better than Product A. I love cranking it up and tuning everyone else out on the train.,Wish it came in more colors.,Product E ,<18,Male,R&B,Relaxing,0.56986312,0.326598632,0.896461753,positive,,
164,It was much more affordable than Product A.,It's not as attractive as Product A,Product E,25-34,Female,Other,Working,0.735391052,-0.188982237,0.546408816,positive,,
165,"convience, size",plain looking,Product A,25-34,Female,Rock,Relaxing,0.707106781,0,0.707106781,positive,,
166,good sound quality,price,Other,25-34,Male,Rock,Working,1.010362971,0,1.010362971,positive,,
167,amount of tunes it holds,too expensive,Other,35-44,Male,Blues,Traveling,0,-0.176776695,-0.176776695,negative,,
168,"it like has all of my songs. i mean all of them, and it still has room for like a gazillion more","i hate that i have to load all these song onto it, you would think that they could just put your music on for you.",Product A,25-34,Female,Rock,Traveling,0.159040841,-0.03,0.129040841,positive,,
169,Well obviously the portability. I love the fact that I can have all my CD collection on the one small device that I can take with me where ever I go. I also like the fact that the battery lasts so long which makes it great for those long plane flights. Its also very easy to copy music from CD to the device.,I am not a fan of the company.,Product A,35-44,Female,Rock,Traveling,0.373851426,0,0.373851426,positive,,
170,The color. It's purple which is my favourite color. I also like the accessories you can buy for it.,The battery doesn't seem to last as long as I think it should.,Product E,25-34,Female,Other,Working,0.077198501,0,0.077198501,positive,,
171,It holds all 6 of my Classical music CD's.,Its a little bit too big.,Product B,>54,Male,Classical,Traveling,0.424264069,0.020412415,0.444676483,positive,,
172,it is portable and compact. No CDs required any longer,low battery,Product A,35-44,Female,Classical,Relaxing,0.158624925,0,0.158624925,positive,,
173,user friendliness,Proprietary plugs and software.,Product A,25-34,Male,Rock,Traveling,0.353553391,0.05,0.403553391,positive,,
174,practical and fancy!,nothing!,Product A,25-34,Male,Jazz,Traveling,0.866025404,0,0.866025404,positive,,
175,music in a single place,not very reliable. battery is too low,Product A,>54,Male,Jazz,Relaxing,0.268328157,-0.031505215,0.236822942,positive,,
176,Size. Weight. Simplicity. Connects directly to the laptop to download songs,"There is no menu, so you cannot see what is playing. You can't select a particular track, only move forwards or backwards through the listing. I have no control over the listing other than the order they are copied to the memory.",Other,35-44,Male,Other,Other,0,-0.010439143,-0.010439143,negative,,
177,Ease of Use,battery life,Product D,35-44,Male,Folk,Relaxing,0.433012702,0,0.433012702,positive,,
178,it has never let me down. has loud volume for my ageing ears.,it's quite heavy & bulky.,Product E ,45-54,Male,Country,Other,-0.051562512,-1.3,-1.351562512,negative,,
179,"room for lots of songs, sleek design, software for managing the music on your PC is the best","battery life, incompatibility with some popular music formats",Product A,25-34,Male,Rock,Traveling,0.377123617,0.106066017,0.483189634,positive,,
180,40 gig,difficultly loading songs,Other,35-44,Male,Folk,Traveling,0,0,0,neutral,,
181,It has really good sound; not the really bad sound I experienced with Product A. I know people think Product A is really cool but I have been so much happier with the design of Product D.,I wish it had more space.,Product D,45-54,Male,Folk,Other,0.123915737,-0.816496581,-0.692580844,negative,,
182,Quality sound,It's shape,Product A,>54,Male,Classical,Traveling,0.707106781,0,0.707106781,positive,,
183,I can listen anywhere and I can plug into my speaker system. It is small and i can play music during dinner with friends without having a huge sound system in my dining room.,I wish it was silver so it would be even less conspicuous,Product A,25-34,Female,Jazz,Working,0.13960886,-0.995929214,-0.856320355,negative,,
184,Not having to drag my CDs around with me,Sound quality not too impressive,Product B,35-44,Female,Country,Traveling,0.166666667,-0.782623792,-0.615957125,negative,,
185,"The size. It can take a beating and any jarring won't make the music skip at all. Also, it is small enough to wear around my neck. All of this translates to making exercising and jogging with it easier.",The music management software is weak and so is the amount of storage. I have the 512 MB model and it's still too small.,Product E,25-34,Male,Rock,Traveling,-0.000792205,0.132583078,0.131790873,positive,,
186,Great sound quality,nothing. its cool,Product A,35-44,Male,Rock,Traveling,0.866025404,0.289393878,1.155419282,positive,,
187,"It's way cool, the teacher can't even see the headphone cable.",It eats batteries. I have to buy a new one every couple of days.,Product D,<18,Male,Rap,Studying,0.150755672,0.131624495,0.282380168,positive,,
188,The photo feature. I can see my slideshows on it.,It synchonizes with my computer very slowly.,Product A,>54,Female,Folk,Traveling,0,-0.170084013,-0.170084013,negative,,
189,"It gives me time to collect my thoughts and escape some of the stress from the day.  While riding the train, it allows me to sit back and relax and transition to home life.",It doesn't have a lot of memory and holds only a small selection of songs.,Other,35-44,Male,Rock,Traveling,-0.132348375,0,-0.132348375,negative,,
190,easy to transport,too expensive,Product D,<18,Female,Other,Relaxing,0.461880215,-0.176776695,0.28510352,positive,,
191,I don't have to carry around CDs.,It doesn't look at cool as Product A.,Product B,<18,Female,Jazz,Relaxing,0,-0.265165043,-0.265165043,negative,,
192,It has a catchy beat an is easy to dance to.  ,Color doesn't match any of my cool outfits,Product D,35-44,Female,Classical,Working,0.663324958,-0.265165043,0.398159915,positive,,
193,"Ease of use, design",I only have a 4 gig. Should have gotten a bigger one.,Product A,35-44,Female,Country,Traveling,0.375,-0.233914287,0.141085713,positive,,
194,Capacity,Weight,Product A,35-44,Male,Classical,Traveling,0,0,0,neutral,,
195,It was cheap,It's too big,Product D,45-54,Male,Other,Traveling,-0.288675135,0.144337567,-0.144337567,negative,,
196,Small,high price,Product A,<18,Male,Other,Studying,0,0,0,neutral,,
197,the sound quality is killer and it holds all of my CDs.,It needs a better protective case than the one provided with it. I'm always dropping it.,Product A,<18,Male,Rock,Other,0,0.204783897,0.204783897,positive,,
198,I like it because I can hear the music clearly.,I wish it had longer battery life.,Product B,45-54,Female,Folk,Traveling,0.505964426,-0.755928946,-0.24996452,negative,,
199,The playlist feature so I can make my own playlists for our bashes.,Not enough room for all my music. I need a huge amount of space for all my tunes.,Product A,18-24,Male,Rap,Other,0,0.175312539,0.175312539,positive,,
200,Its pretty green color.,The earbuds are uncomfortable.,Product A,25-34,Female,Jazz,Working,0.375,-0.375,0,neutral,,
201,It rocks. I can download music from the internet.,I wish it had longer battery life.,Product A,18-24,Male,Other,Traveling,0.123750028,-0.755928946,-0.632178918,negative,,
202,It's analog,It's a bit clunky,Other,35-44,Female,Jazz,Other,0,-0.2,-0.2,negative,,
203,Sound quality,Size,Product E,45-54,Male,Blues,Traveling,0.707106781,0,0.707106781,positive,,
204,I can load all my favorites and never run out of music. Since it has so much space I can load new tunes without having to remove some of my previous music. I have my whole library of music with me at all times.,I wish I could have videos of my favorites along with my music.,Product A,25-34,Male,Country,Other,0.114173714,-0.457627662,-0.343453948,negative,,
205,It holds all of my music and it is small.,It is too expensive.,Product E ,25-34,Female,Blues,Working,0.18973666,-0.125,0.06473666,positive,,
206,easy to transport all my music,not reliable. We have 4 and all of them had to be replaced,Product A,35-44,Male,Classical,Working,0.571547607,-0.192929252,0.378618355,positive,,
207,The design,Need to change batteries all the time.,Product A,>54,Female,Other,Other,0,0,0,neutral,,
208,"It is small, lightweight and easy to carry",nothing,Product D,25-34,Female,R&B,Traveling,0.282842712,0,0.282842712,positive,,
209,I like how easily it fits into my purse or pocket,The user manual. The descriptions were not very good.,Product E,>54,Female,R&B,Working,0.150755672,-0.033416327,0.117339346,positive,,
210,I can put all of my music on it.,It is really pricey.,Product C,>54,Male,Classical,Relaxing,0.2,-0.225,-0.025,negative,,
211,The sound,It's bulky,Other,25-34,Male,Country,Other,0,-0.707106781,-0.707106781,negative,,
212,good mobillity,poor menu system,Product B,45-54,Male,Classical,Working,0.530330086,-0.288675135,0.241654951,positive,,
213,Its compact size,Its battery life.,Product B,45-54,Male,Rock,Studying,0.230940108,0,0.230940108,positive,,
214,It is reliable.,I want it to be smaller.,Product A,35-44,Male,Jazz,Relaxing,0.288675135,0,0.288675135,positive,,
215,"I was given it as a present, so I just like it.",I haven't really thought about it since I was given it as a present.,Product E ,>54,Female,Jazz,Traveling,0.216506351,0.06681531,0.283321661,positive,,
216,Good Design. Easy to use.,Nothing,Product D,25-34,Male,Rock,Working,0.553840178,0,0.553840178,positive,,
217,All of my music fits on it.,All of the necessary accessories do not come with it and they are very expensive.,Product A,45-54,Female,Folk,Working,0.226778684,-0.1161895,0.110589183,positive,,
218,"capacity to hold a lot of music, ease of use, cool earbud","too expensive, sound quality could be better, color",Product A,>54,Male,Classical,Traveling,0.606217783,0.548007755,1.154225538,positive,,
219,It fits comfortably in the palm of my hand,The directions that came with it.,Other,35-44,Female,Other,Other,0.333333333,0,0.333333333,positive,,
220,I use it when I work around the house to listen to Frank and Dean when I can.,It is large to carry around and the hook they have for your belt doesn't work well.,Product D,>54,Female,Rock,Relaxing,0.058925565,-0.254662406,-0.195736841,negative,,
221,Makes me feel young again!,I don't understand all of the buttons.,Product B,>54,Female,Blues,Traveling,0.178885438,-0.377964473,-0.199079035,negative,,
222,It is small and light so I forget I'm carrying it.,It broke the bank.,Product A,18-24,Male,Rap,Traveling,-0.150755672,-0.375,-0.525755672,negative,,
223,storage capacity,expensive,Product A,25-34,Female,Other,Traveling,0,-0.25,-0.25,negative,,
224,The compact design of the device and the software was very user friendly and easy to install,The battery does not last long,Product D,18-24,Male,Country,Traveling,0.882829675,0,0.882829675,positive,,
225,that it is portable,storage limits,Other,25-34,Male,Rock,Working,0.125,-0.176776695,-0.051776695,negative,,
226,its cool,nothing,Product A,<18,Male,Rap,Studying,0.530330086,0,0.530330086,positive,,
227,It's small but holds lots of music,It was kind of expensive,Product A,35-44,Female,Rock,Traveling,0.510252039,-0.02236068,0.487891359,positive,,
228,large storage capacity,short battery time and long recharge time,Product A,25-34,Female,Rock,Traveling,0,0,0,neutral,,
229,"Well-made, good sound.",It falls off of the belt clip sometimes.,Other,25-34,Male,Country,Relaxing,0.875,-0.088388348,0.786611652,positive,,
230,I can wear it while I am exercising because it is so small.,The battery does not last very long anymore and I can't replace it.,Product A,45-54,Female,R&B,Other,0,0,0,neutral,,
231,"It can hold all of my child's music. Where ever we are, when my son gets cranky, I can pull it out and in no time he is chilled out.",Its accessories cost an arm and a leg.,Product A,35-44,Female,Other,Traveling,0.026115749,0,0.026115749,positive,,
232,"inexpensive, has FM radio",doesn't list tracks,Product B,45-54,Male,Country,Traveling,0.25,0,0.25,positive,,
233,It's small and light,The batteries don't last as long as I'd like,Product A,25-34,Female,Jazz,Traveling,0,0.166666667,0.166666667,positive,,
234,Handy,Less space,Product E,35-44,Male,Classical,Traveling,0.5,0,0.5,positive,,
235,Handy for listening to music on the way to work.,I like it but now I wish I had Product A.,Product D,45-54,Male,R&B,Traveling,0.426907484,-1.356650295,-0.929742811,negative,,
236,I can take it anywhere I like,It needs more bass,Product D,18-24,Male,Country,Other,0.188982237,0,0.188982237,positive,,
237,I can edit the playlist,Lousy sound! It doesn't play files I buy online. What a ripoff!,Product C,45-54,Female,Jazz,Traveling,0,-0.300592386,-0.300592386,negative,,
238,Style and ease of use,Battery and tends to scratch easily,Product A,25-34,Female,R&B,Traveling,0.335410197,-0.244948974,0.090461222,positive,,
239,small size and large capacity,short time between recharges,Product A,35-44,Male,Rock,Relaxing,0.447213595,0,0.447213595,positive,,
240,headphones are good lost of songs,battery is lousy,Product A,<18,Male,Rock,Studying,0,-0.577350269,-0.577350269,negative,,
241,"small, long battery life, and good sound",buttons are very small and difficult to control,Product D,25-34,Female,Rock,Traveling,0.283473355,-0.318198052,-0.034724697,negative,,
242,can store lots of songs,maybe a little too heavy,Product D,45-54,Female,Blues,Traveling,0,0,0,neutral,,
243,Its size.,The cost.,Product A,35-44,Male,Rock,Traveling,0,0,0,neutral,,
244,it is easy to use and I like the look of it.,it is quite expensive to buy,Product A,25-34,Male,Rock,Traveling,0.433012702,-0.183711731,0.249300971,positive,,
245,Multiple formats. Big hard disk. Good battery life and recharge speed. Good download speed.,Controls can be a bit fiddly and not quite as cool as Product A,Product B,18-24,Male,Other,Traveling,0.242507629,-0.040089186,0.202418443,positive,,
246,It holds lots of songs,"Its so small, I can never find it",Product A,<18,Female,Blues,Relaxing,0,0,0,neutral,,
247,it's blue,want a newer one,Product A,18-24,Male,Blues,Studying,0,0,0,neutral,,
248,I can understand how to use it.,"Nothing, it's fine.",Product E ,>54,Male,Other,Relaxing,0.377964473,0.144337567,0.52230204,positive,,
249,"small, multi purpose, easy to use","battery life poor, small amount of memory, can't download from internet directly",Other,18-24,Female,Rock,Other,0.816496581,-0.144337567,0.672159014,positive,,
250,small enough to use anywhere,poor quality headphones,Product A,>54,Male,Classical,Studying,-0.111803399,-0.577350269,-0.689153668,negative,,
251,incredibly small,it's already full,Product A,25-34,Female,Country,Relaxing,0,0,0,neutral,,
252,we can use it everywhere,quality of headphone,Other,35-44,Male,Rock,Traveling,0,0.577350269,0.577350269,positive,,
253,great sound,difficult controls,Product B,45-54,Male,Rock,Traveling,0.353553391,-0.353553391,0,neutral,,
254,Nothing special. It does everything well.,The color.,Product A,35-44,Male,Rock,Other,0.482842712,0,0.482842712,positive,,
255,"It's multi-purpose. Also it's easy to change music. When plugged into the adapter, the memory card looks like another hard drive.",It uses up the internal batter pretty quickly. Not really a problem for me because I don't listen long at one sitting.,Other,45-54,Male,Folk,Traveling,0.406078467,0.32940381,0.735482277,positive,,
256,looks nice,absence of radio,Product A,35-44,Female,Blues,Traveling,0.353553391,-0.288675135,0.064878256,positive,,
257,Its size means I don't have to listen to the teachers.,"It's a bit big, sometimes teachers spot me listening to it.",Product C,<18,Female,R&B,Studying,0,0.075377836,0.075377836,positive,,
258,Small size; large capacity; easy to use,A bit cheap-looking,Product B,45-54,Male,Rock,Traveling,0.755928946,-0.25,0.505928946,positive,,
259,Its size means I can listen to it while working.,I can't hear when someone talks to me.,Product B,25-34,Male,Other,Working,0.079056942,0,0.079056942,positive,,
260,I find it very convenient and simple to use.,It seems slightly unreliable; I think it is a bit buggy.,Product A,35-44,Male,Classical,Relaxing,0.48,-0.346738046,0.133261954,positive,,
261,Easy to use and my alternative rock songs sound awesome on it!,Battery life.,Product A,25-34,Female,Rock,Working,0.461880215,0,0.461880215,positive,,
262,How many songs it holds,"Disconnecting it from the PC. It always has a ""do not disconnect"" message & I have to manually disconnect the setting.",Product A,35-44,Female,Country,Working,0,0,0,neutral,,
263,It's nice and small and fits into my handbag.,I have to have a handbag to carry it around.,Other,35-44,Male,Other,Traveling,0.166666667,0,0.166666667,positive,,
264,"Been using a portable cassette player, but it finally broke. Product A seemed to be the brand to get. I like that they're really light weight. Also, it's easier to skip around from song to song than it is with a tape.",Learning how to download songs was odd and I'm still not crazy about the interface.,Product A,45-54,Male,Blues,Relaxing,0.048893507,0.335658557,0.384552064,positive,,
265,It's small,"The attempt at copyright protection, which prohibits the use of downloaded music is annoying.",Product E,35-44,Male,Other,Traveling,0,0.173719807,0.173719807,positive,,
266,Size,Battery life,Product D,25-34,Female,Rap,Other,0,0,0,neutral,,
267,"It changes the relationship you have with your music. I've been listening to music a long time and that never happened with cds, tapes, or vinyl.",Maybe it trivializes the music a bit too much.,Product A,25-34,Male,Rock,Traveling,0.027239312,-0.466666667,-0.439427354,negative,,
268,I like that I don't have to fiddle with software to download music. I can just drag my songs onto the memory card and plug it in.,The app for playing slongs that comes with the hardware is only so-so. But there are other players available that are really good.,Other,45-54,Male,Rock,Traveling,0.085727243,0.543567682,0.629294926,positive,,
269,I can put a lot of music on it and it's cool looking,nothing,Product A,18-24,Female,R&B,Other,0.374422632,0,0.374422632,positive,,
270,Sound quality.,It came with a bunch of lame songs loaded.,Product B,18-24,Male,Rock,Studying,0.707106781,-0.166666667,0.540440115,positive,,
271,I like that I can listen to my music when I'm at the gym and not have to worry about switching CD's or the CD skipping.,I don't like the headphones that came with the device. They hurt my ears. I had to buy a new pair that were comfortable.,Product A,25-34,Female,Rock,Other,0.36281485,-0.040672596,0.322142254,positive,,
272,"Creating custom playlists, listening to comedy clips downloaded from the Web","Poor video quality, not compatible with other audio formats",Product A,25-34,Male,Rock,Traveling,0.150755672,0,0.150755672,positive,,
273,Nothing,It does not sound very good but my folks won't buy me a new one so I'm stuck with it,Product B,<18,Female,Blues,Studying,0,-0.234954843,-0.234954843,negative,,
274,Well being a long haul truck driver i really like the fact that there is always music to listen to and that i can turn up the volume real loud when my favorite song comes on.,It is too expensive.,Other,>54,Male,Country,Traveling,0.566666667,-0.125,0.441666667,positive,,
275,built-in FM tuner,UI is kind of awkward,Product E,35-44,Male,Classical,Working,0,-0.04472136,-0.04472136,negative,,
276,I like that it's easily portable and that I can take it with me while I'm working at my local coffee shop.,I wish the battery life was longer. I find that I have to recharge the device often.,Product A,25-34,Female,Classical,Other,0.213200716,-0.412500092,-0.199299376,negative,,
277,size,battery life,Other,45-54,Male,Other,Other,0,0,0,neutral,,
278,I like that I can easily carry a variety of music with me. The new broadcast feature is also great.,Their website makes it difficult for me to download tunes.,Product A,25-34,Female,Rock,Working,0.432888224,-0.158113883,0.274774341,positive,,
279,"lots of storage, ability to store all of my music in one place, listening to books, playlists",heavy,Product A,35-44,Female,Country,Traveling,0.266789188,0,0.266789188,positive,,
280,The number of songs I can store on it.,Battery runs down quickly.,Product A,25-34,Female,Rock,Traveling,0,0.5,0.5,positive,,
281,I can access it using different computers. It's also very compact for travelling.,I hate that it doesn't have a colour screen,Product B,25-34,Female,Rock,Traveling,0.160398368,-0.25,-0.089601632,negative,,
282,small footprint,software,Product D,>54,Male,Jazz,Traveling,0,0,0,neutral,,
283,Discrete size.,Lack of storage.,Other,35-44,Male,Other,Traveling,0,-0.433012702,-0.433012702,negative,,
284,Great music quality,Easy to misplace,Product D,45-54,Female,Rock,Traveling,1.212435565,0,1.212435565,positive,,
285,small,I don't like the volume control,Product A,25-34,Female,Other,Traveling,0,-0.204124145,-0.204124145,negative,,
286,I can buy just the songs I want on their site.,I wish the battery lasted longer,Product A,<18,Male,Rock,Traveling,0,-0.816496581,-0.816496581,negative,,
287,the memory,nothing,Product A,25-34,Female,Rock,Traveling,0,0,0,neutral,,
288,"Very convenient, can take it anywhere.",It was very hard to set up. I have very little computer experience.,Product D,25-34,Male,Folk,Working,0.587877538,-0.464062604,0.123814935,positive,,
289,It's pink.,The display smudges easily.,Other,25-34,Female,Rock,Other,0,-0.3,-0.3,negative,,
290,"little size, great capacity",nothing,Product A,25-34,Female,R&B,Traveling,0.25,0,0.25,positive,,
291,"holds lots of songs, can tell which album and song is playing, and by which artist",slippery so you need to buy all sorts of holders and a protective case,Product A,25-34,Female,Rock,Traveling,0.15,0.133630621,0.283630621,positive,,
292,its color,its size,Other,>54,Male,Classical,Other,0,0,0,neutral,,
293,"The smallest, most reliable, best product ever on the market.",I can't find it sometimes because it's so small!,Product A,25-34,Male,Rock,Traveling,0.442718872,0,0.442718872,positive,,
294,Ease of use,bad battery life,Product D,45-54,Male,R&B,Traveling,0.433012702,-0.433012702,0,neutral,,
295,hand-sized portable,nothing,Product A,25-34,Female,R&B,Working,0.144337567,0,0.144337567,positive,,
296,Design and simplicity,The case gets scuffed up far too easily,Product A,25-34,Male,Classical,Traveling,0,0,0,neutral,,
297,its stylin',everyone has one,Product A,25-34,Male,Other,Working,0,0,0,neutral,,
298,Uses standard batteries,Bulky,Product D,>54,Male,Other,Other,0,-1,-1,negative,,
299,it holds loads of songs and is easy to use,battery life could be better,Product A,25-34,Male,Blues,Relaxing,0.316227766,0.357770876,0.673998642,positive,,
300,it sounds amazing and i love having all that music available to me,too big...should be the size of a credit card,Product E,>54,Female,Classical,Working,0.73497776,0.159099026,0.894076786,positive,,
301,not as pricey as Product A,not as cool and not as easy to use as Product A.,Other,35-44,Male,Country,Traveling,0.102062073,-0.072168784,0.029893289,positive,,
302,Great sound.,A bit bigger than some of the newer devices.,Product B,35-44,Female,Other,Traveling,0.353553391,0,0.353553391,positive,,
303,the fact that it can be charged up and I don't need to carry CDs as all the music is loaded on it already.,It is quite heavy. I have to load all the music onto the computer first then download it onto the device which is a bit of a pain.,Product B,25-34,Female,Rock,Relaxing,0.122474487,-0.016708163,0.105766324,positive,,
304,music catalogue is better than others,too big,Product B,25-34,Male,Folk,Working,0.571547607,0.176776695,0.748324302,positive,,
305,"Ease of use, bug free",There are too many new product updates. Would be good if you could see what the next song in your playlist is.,Product A,25-34,Male,Other,Traveling,0.335410197,-0.265508517,0.069901679,positive,,
306,Quite stylish and easy to use.,Battery life is terrible. It's too heavy and too unreliable.,Product A,35-44,Male,Folk,Traveling,1.322724461,-0.463067596,0.859656865,positive,,
307,I love how it is so small. I also like the games I can play,I wish it came in pink.,Product A,>54,Female,Folk,Traveling,0.230125025,-0.816496581,-0.586371556,negative,,
308,"I like the various functions that it offers including music, film & photos",It is too big to carry when exercising,Product C,18-24,Female,R&B,Traveling,0.490747729,0.088388348,0.579136076,positive,,
309,You can listen to anything!,nothing,Other,25-34,Female,Blues,Relaxing,0,0,0,neutral,,
310,the colour of the device,i don't like that you need a case to stop the screen from becoming scratched.,Product A,45-54,Male,Blues,Working,0,-0.387298335,-0.387298335,negative,,
311,size and weight,half-baked software,Product B,25-34,Male,Other,Traveling,0,0,0,neutral,,
312,Good quality of sound,Colour,Product A,25-34,Female,Rock,Traveling,0.875,0,0.875,positive,,
313,Its very light!,Pricey,Other,45-54,Male,Classical,Traveling,0,-0.25,-0.25,negative,,
314,large drive is key,sound quality,Other,35-44,Male,Rock,Other,0,0.707106781,0.707106781,positive,,
315,"Small size, amount of storage, colour, style and design",Battery power is not very good,Product A,18-24,Female,Rock,Traveling,0,-0.061237244,-0.061237244,negative,,
316,it portable,not able to transfer music from Product A,Product A,25-34,Female,Rock,Traveling,0.176776695,-0.212132034,-0.035355339,negative,,
317,size,sound quality,Other,25-34,Female,Other,Other,0,0.707106781,0.707106781,positive,,
318,convenience,interruption,Product D,25-34,Male,Rock,Working,0.5,-0.5,0,neutral,,
319,I finally caved in after seeing all the commericals and seeing people on the train with Product A. It does look sleek.,Controls are too small. Geared for younger people with better eyes.,Product A,25-34,Male,Rock,Traveling,0.106600358,0.216562548,0.323162907,positive,,
320,You can listen to your own music wherever you are,Size. Bit too bulky.,Product D,35-44,Male,R&B,Other,0.18973666,-0.315052149,-0.12531549,negative,,
321,"It's small and light, long battery life, good sound quality.",Slow upload times,Other,25-34,Male,Other,Traveling,0.553398591,-0.144337567,0.409061023,positive,,
322,the size,earphone quality,Product A,35-44,Female,Jazz,Traveling,0,0.707106781,0.707106781,positive,,
323,"Hats off (again). Every time they upgrade I buy the lastest (and give my old one to friends or sell online). The latest version with video and photo capability is amazing. Plus it's lighter and thinner and holds like 15,000 songs. For me though, having access to tunes on the web makes all the difference. It's the best source for digital music hands down.",Nothing.,Product A,25-34,Male,Rock,Other,0.40244646,0,0.40244646,positive,,
324,"form, function, memory, ease of use",durability,Product A,35-44,Male,Rock,Other,0.306186218,0.6,0.906186218,positive,,
325,it looks beautiful and it is easy to use.,soemtimes i lose the songs because i have not set up the play list correctly,Product A,35-44,Female,Rock,Relaxing,0.583333333,-0.012909944,0.570423389,positive,,
326,Its smaller and lighter than a personal cassette player.,It uses old technology,Other,35-44,Male,R&B,Traveling,0.1,0.05,0.15,positive,,
327,style,high cost,Other,35-44,Female,Other,Other,0,-0.707106781,-0.707106781,negative,,
328,portability,pricey,Other,18-24,Female,Other,Other,0,-0.25,-0.25,negative,,
329,Size,incompatiability,Product A,25-34,Male,Other,Traveling,0,0,0,neutral,,
330,It's part of my organizer so I don't have to carry too much hardware around.,Capacity,Other,35-44,Male,Other,Traveling,0.516397779,0,0.516397779,positive,,
331,Uses removable memory cards.,White color.,Other,45-54,Male,Folk,Traveling,0,0.282842712,0.282842712,positive,,
332,it plays music,the batteries run out,Product A,25-34,Male,Other,Traveling,0.346410162,0,0.346410162,positive,,
333,It is lightweight and rugged,It is ugly,Product C,35-44,Male,Rock,Other,0,-0.433012702,-0.433012702,negative,,
334,I like the well-designed interface and large capacity.,It's expensive.,Product A,<18,Male,Rock,Relaxing,0.766666667,-0.176776695,0.589889971,positive,,
335,The size is best.,Cost.,Other,25-34,Male,Blues,Other,0.25,0,0.25,positive,,
336,looks cool,screen is easy to scratch,Product A,25-34,Female,Folk,Traveling,0.530330086,0.089442719,0.619772805,positive,,
337,"it looks cool, I like gadgets and I like having all my music with me on long car trips",the battery runs out.,Product A,35-44,Male,R&B,Traveling,0.539126975,0,0.539126975,positive,,
338,compact and good sound quality,control buttons ver small,Product D,35-44,Female,R&B,Traveling,0.96150923,0,0.96150923,positive,,
339,It is small and yet has good sound quality.,I have to pay for songs that I already have on CD.,Product A,>54,Female,Jazz,Other,0.583333333,-0.028867513,0.55446582,positive,,
340,I can listen to only the songs that I like.,Nothing.,Product B,25-34,Male,Rock,Traveling,0.031622777,0,0.031622777,positive,,
341,Its got the best sound quality of any device i've ever had,nothing,Product D,45-54,Male,R&B,Working,0.433012702,0,0.433012702,positive,,
342,It's small so no one notices that I'm listening to it at work.,It's out dated. I want a new one.,Product D,18-24,Male,Country,Working,0.069337525,0.195230676,0.264568201,positive,,
343,No skipping of tracks when I move.,Low battery life and everyone else has one.,Product A,18-24,Female,Other,Traveling,0,0,0,neutral,,
344,"easy to operate, light weight, lot of memory space",nothing,Product A,25-34,Female,Other,Traveling,0.266666667,0,0.266666667,positive,,
345,"Cheaper than Product A. Just want to listen to music. Don't need video, movies, etc. Perfect for my humble needs.",None that I can think of,Product D,35-44,Male,Jazz,Relaxing,0.391767479,0,0.391767479,positive,,
346,stops me being bored cuz I can listen while I'm working,price,Product E,>54,Male,Blues,Working,-0.195982374,0,-0.195982374,negative,,
347,style and portability,More space without more bulkiness,Product E,25-34,Male,Other,Traveling,0,-1.162755348,-1.162755348,negative,,
348,"small and neat, easy to take around with me","so far it's all been fine but could you make it in nicer colours, my phone is pink for instance.",Product B,35-44,Female,Folk,Traveling,0.533333333,0.223662699,0.756996033,positive,,
349,I can have all my favourite music with me so I don't get bored and it's so easy to use,the headphones socket is faulty so I have to use tape to fix it which is not great,Product D,<18,Female,R&B,Traveling,0.469574275,-0.23570226,0.233872015,positive,,
350,It has so much storage!,Nothing. I love everything about it.,Product A,25-34,Female,Classical,Traveling,0,0.183028759,0.183028759,positive,,
351,Product A is small but with a large capacity for tracks,not as small as newer versions of other products,Product A,35-44,Male,Other,Traveling,0.678400525,0,0.678400525,positive,,
352,It is pretty,Nothing,Product A,18-24,Female,Other,Traveling,0.433012702,0,0.433012702,positive,,
353,It's puny and easy to carry,I have Product A and it doesn't give me options for controlling the order of play.,Product A,45-54,Female,Jazz,Working,0.081649658,0,0.081649658,positive,,
354,stylish appearance,price and size,Other,45-54,Male,Rock,Other,0.565685425,0,0.565685425,positive,,
355,sound quality,too hard to use,Product D,35-44,Male,Blues,Traveling,0.707106781,-0.125,0.582106781,positive,,
356,I can listen to my music where ever I want,I can not hear what anyone else is saying,Product C,18-24,Female,Classical,Other,0.18973666,0,0.18973666,positive,,
357,The small size,The sound,Product D,35-44,Female,Rock,Relaxing,0,0,0,neutral,,
358,The massive amount of storage capacity as well as the ease of use are the primary factors. I also like the sleek look of the product.,Can't show video on the device but new ones can. Cost is too high.,Product A,35-44,Male,Rock,Traveling,0.427392464,0.034604989,0.461997453,positive,,
359,Big capacity! Nice design and easy to use.,Cost is too much. Can't play video but the new ones can.,Product A,35-44,Male,Rock,Traveling,0.394574565,-0.818198052,-0.423623486,negative,,
360,It is nicely designed with great features that are easy to use. The large 60GB capicity is wonderful! I love the color screen.,Cost is very high. Wish it could play video like the newer model.,Product A,35-44,Male,Rock,Traveling,0.454428084,0.309222254,0.763650337,positive,,
361,It's ok for working out. I wanted Product A but got this as a gift.,It's ulgy,Product D,18-24,Female,Rock,Other,0.233779818,0,0.233779818,positive,,
362,"Design perfection; visually attractive, slim, lightweight. Big hard drive",LED screen hard to read.,Product A,35-44,Male,Classical,Working,0.356440818,0.067082039,0.423522857,positive,,
363,It's large enough to hold all my music and the battery lasts forever,It was expensive,Product A,25-34,Female,Other,Traveling,0.097072534,-0.144337567,-0.047265033,negative,,
364,color,size,Product A,18-24,Female,Other,Working,0,0,0,neutral,,
365,color options,costly,Other,45-54,Male,Rock,Other,0,-0.5,-0.5,negative,,
366,It lets me listen to my classic rock whenever I want.,"It was expensive, batteries do not last long.",Product E,45-54,Female,Rock,Relaxing,0.150755672,-0.088388348,0.062367325,positive,,
367,The size,The battery life,Product A,25-34,Male,Jazz,Working,0,0,0,neutral,,
368,"portable, light small powerful","battery life, some popular music formats cannot be played",Product A,18-24,Male,R&B,Traveling,0.5,-0.033333333,0.466666667,positive,,
369,conveniance to listen to my music wherever I am. It is able to store all my music so i have whatever i want when i want it.,it was expensive,Product A,25-34,Male,Rap,Traveling,0.170710678,-0.144337567,0.026373111,positive,,
370,The color,The screen,Product B,25-34,Female,Rock,Working,0,0,0,neutral,,
371,convenient size,new batteries are expensive,Product A,35-44,Female,Rock,Working,0.565685425,0.275,0.840685425,positive,,
372,it's compact. i can store loads of songs on it.,no complaints.,Product A,25-34,Female,Rock,Traveling,0.154343402,0.707106781,0.861450183,positive,,
373,easy to use,I had to get it repaired,Product A,18-24,Female,R&B,Traveling,0.577350269,0,0.577350269,positive,,
374,Amount of memory,Doesn't support all music formats,Product D,18-24,Female,R&B,Working,0,-0.491934955,-0.491934955,negative,,
375,"Small, light","The headphones, too big",Product B,18-24,Female,R&B,Traveling,0,0.125,0.125,positive,,
376,Provides entertainment whilst traveling to and from work.,size,Product D,18-24,Male,Rock,Traveling,0.37123106,0,0.37123106,positive,,
377,can use where and when i want,chances of losing it are high,Product D,18-24,Male,Classical,Relaxing,0,-0.204124145,-0.204124145,negative,,
378,"small, affordable",old technology,Other,<18,Male,Rock,Traveling,0.565685425,0.070710678,0.636396103,positive,,
379,it is compact,it is only 256MB,Other,25-34,Male,Rock,Other,0.230940108,0,0.230940108,positive,,
380,"Can store files other than music, small enough to fit in my pocket, and has FM radio",Nothing,Product B,25-34,Male,R&B,Traveling,0.181901719,0,0.181901719,positive,,
381,it's reliable.,it's a bit bulky.,Product D,35-44,Female,Other,Other,0.353553391,-0.5,-0.146446609,negative,,
382,ease of use,cost,Other,25-34,Female,Rock,Working,0.433012702,0,0.433012702,positive,,
383,light,"broke three time within first 6 months, need to be replaced. quality is poor",Product A,35-44,Male,Other,Traveling,0,0.025752155,0.025752155,positive,,
384,Easy to use and it looks cool and i can just drag and drop my music from the pc to it without the need for other programs. It also plays movies.,It is a bit bulky but i can live with that,Product E,25-34,Male,Jazz,Traveling,0.194282159,-0.000301511,0.193980647,positive,,
385,that it is portable,hard to figure out,Product E,45-54,Female,Classical,Relaxing,0.125,-0.125,0,neutral,,
386,it holds alot of songs and is good quality,hard to find the songs you want to listen to,Product A,18-24,Female,Rock,Traveling,0.583333333,-0.079056942,0.504276392,positive,,
387,"It stores lots of music, easy to use and good sound quality.",not much,Product A,25-34,Male,Other,Traveling,0.967061701,0,0.967061701,positive,,
388,It has a radio in it so I can listen to the radio in the morning on the train and to music in the afternoon on the way home.,It doesn't wirelessly connect to my home stereo.,Product D,25-34,Male,Rock,Traveling,0.111417203,0,0.111417203,positive,,
389,it has a radio tuner too.,weight,Product D,45-54,Male,Rock,Traveling,0,0,0,neutral,,
390,The number of tracks that it holds,Transfering tracks to device and categorising,Product A,35-44,Male,Blues,Traveling,0,0,0,neutral,,
391,rechargable battery,it's quite bulky,Product B,<18,Female,Blues,Working,0,-1.039230485,-1.039230485,negative,,
392,its small and convenient,non rechargable battery,Product A,>54,Male,Country,Relaxing,0.4,0,0.4,positive,,
393,appealing aesthetic,its small storage capacity,Product D,18-24,Male,Rap,Traveling,0.530330086,0,0.530330086,positive,,
394,size and cost,It could be better designed,Other,25-34,Male,Rock,Traveling,0,0.357770876,0.357770876,positive,,
395,Built in radio,Sound quality,Other,35-44,Male,Classical,Other,0,0.707106781,0.707106781,positive,,
396,Easy to carry,color,Product A,35-44,Male,Country,Traveling,0.461880215,0,0.461880215,positive,,
397,Small and stylish,Very short battery life,Product A,35-44,Male,Rock,Traveling,0.461880215,0,0.461880215,positive,,
398,"Small, fairly cheap",Random song order and small memory capacity,Product A,45-54,Male,R&B,Traveling,0,0,0,neutral,,
399,Very cheap with built-in radio and good battery life.,"Nothing, I love it!",Other,35-44,Male,Other,Traveling,-0.047434165,0.375,0.327565835,positive,,
400,It is light and compact,Colour,Product D,35-44,Male,Rock,Traveling,0.178885438,0,0.178885438,positive,,
401,Can store lots of music. Is easy to use.,Battery life.,Product A,>54,Male,Classical,Relaxing,0.384164079,0,0.384164079,positive,,
402,It's capacity and ease of use.,Doesn't hold up to casual abuse.,Product A,25-34,Male,Rock,Traveling,0.306186218,0.40824829,0.714434508,positive,,
403,can take it anywhere,nothing,Product A,35-44,Female,Blues,Traveling,0,0,0,neutral,,
404,decent price,too big,Other,35-44,Female,Other,Traveling,0.353553391,0.176776695,0.530330086,positive,,
405,"It was a present, I wouldn't have chosen it. I wanted Product A.",Low storage,Product E ,<18,Male,Rap,Studying,-0.063663405,0,-0.063663405,negative,,